<?xml version="1.0" encoding="UTF-8"?>
<!DOCTYPE mapper
  PUBLIC "-//mybatis.org//DTD Mapper 3.0//EN"
  "https://mybatis.org/dtd/mybatis-3-mapper.dtd">
  <mapper namespace="com.myweb.www.repository.BoardDAO">
  <insert id="insert">
  	insert into board (title, writer, content)
  	values (#{title}, #{writer}, #{content})
  </insert>
  
  <select id="selectOneBno" resultType="long">
  	select max(bno) from board;
  </select>
  
  <select id="getList" resultType="com.myweb.www.domain.BoardVO">
  	select * from board 
  	<include refid="search"></include>
  	order by bno desc limit #{pageStart}, #{qty}
  </select>
  
  <select id="getDetail" resultType="com.myweb.www.domain.BoardVO">
  	select * from board where bno = #{bno}
  </select>
  <update id="readCount">
  	update board set read_count = read_count + #{cnt} where bno = #{bno}
  </update>
  
  <update id="update">
  	update board set title = #{title}, content = #{content}, mod_at = now()
  	where bno = #{bno}
  </update>
  
  <delete id="delete">
  	delete from board where bno = #{bno}
  </delete>
  
  <select id="getTotalCount" resultType="int">
  	select count(bno) from board <include refid="search"></include>
  </select>
  
  <update id="updateCommentCount">
  	update board b set cmt_qty = 
  	(select count(bno) from comment where bno = b.bno)
  </update>
  
  <update id="updateFileCount">
  	update board b set has_file = (
  	select count(bno) from file where bno = b.bno)
  </update>
  
  <sql id="search">
  	<if test="type != null">
  		<trim prefix="where (" suffix=")" prefixOverrides="OR">
  			<foreach collection="typeToArray" item="type">
  				<trim prefix="OR">
  					<choose>
  						<when test="type == 't'.toString()">
  							title like concat('%', #{keyword}, '%')
  						</when>
  						<when test="type == 'w'.toString()">
  							writer like concat('%', #{keyword}, '%')
  						</when>
  						<when test="type == 'c'.toString()">
  							content like concat('%', #{keyword}, '%')
  						</when>
  						
  					</choose>
  				</trim>
  			
  			</foreach>
  		</trim>
  	</if>
  </sql>
  
  </mapper>