<?xml version="1.0" encoding="UTF-8"?>
<!DOCTYPE mapper
  PUBLIC "-//mybatis.org//DTD Mapper 3.0//EN"
  "https://mybatis.org/dtd/mybatis-3-mapper.dtd">
  <mapper namespace="com.myweb.www.repository.CommentDAO">
  <insert id="post">
  	insert into comment (bno, writer, content)
  	values(#{bno}, #{writer}, #{content})
  </insert>
  <!-- <select id="getList" resultType="com.myweb.www.domain.CommentVO">
  	select * from comment where bno = #{bno} order by cno desc
  </select> -->
  
  <select id="selectOntBnoTotalCount" resultType="int">
  	select count(cno) from comment where bno =#{bno}
  </select>
  
  <select id="selectListPaging" resultType="com.myweb.www.domain.CommentVO">
  	select * from comment 
  	where bno = #{bno} 
  	order by cno desc
  	limit #{pgvo.pageStart}, #{pgvo.qty}
  </select>
  <delete id="remove">
  	delete from comment where cno = #{cno}
  </delete>
  
  <update id="update">
  	update comment set content = #{content}, mod_at = now()
  	where cno=#{cno}
  </update>
  
  <delete id="removeCommentAll">
  	delete from comment where bno = #{bno}
  </delete>
  
  </mapper>