<?xml version="1.0" encoding="UTF-8"?>
<!DOCTYPE mapper
  PUBLIC "-//mybatis.org//DTD Mapper 3.0//EN"
  "https://mybatis.org/dtd/mybatis-3-mapper.dtd">
  <mapper namespace="com.myweb.www.repository.MemberDAO">
  <insert id="insertMember">
  	insert into member (email, pwd, nick_name)
  	values (#{email},#{pwd},#{nickName})
  </insert>
  <insert id="insertAuthInit">
  	insert into auth_member values(#{email}, 'ROLE_USER')
  </insert>
  <select id="selectEmail" resultType="com.myweb.www.security.MemberVO">
  	select * from member where email = #{email}
  </select>
  <select id="selectAuths" resultType="com.myweb.www.security.AuthVO">
  	select * from auth_member where email = #{email}
  </select>
  <update id="updateLastLogin">
  	update member set last_login = now() where email = #{email}
  </update>
  <select id="selectAllList" resultType="com.myweb.www.security.MemberVO">
  	select * from member
  </select>
  </mapper>